id,uuid,observed_on_string,observed_on,time_observed_at,time_zone,user_id,user_login,user_name,created_at,updated_at,quality_grade,license,url,image_url,sound_url,tag_list,description,num_identification_agreements,num_identification_disagreements,captive_cultivated,oauth_application_id,place_guess,latitude,longitude,positional_accuracy,private_place_guess,private_latitude,private_longitude,public_positional_accuracy,geoprivacy,taxon_geoprivacy,coordinates_obscured,positioning_method,positioning_device,species_guess,scientific_name,common_name,iconic_taxon_name,taxon_id
14245923,09a9d655-37a4-4479-8985-a10bcf7b0fce,2018-07-08 10:42:22 AM EDT,2018-07-08,2018-07-08 14:42:22 UTC,Eastern Time (US & Canada),682454,nitidifrons,Molly Garson,2018-07-11 00:55:35 UTC,2018-07-21 18:45:25 UTC,needs_id,,https://www.inaturalist.org/observations/14245923,https://static.inaturalist.org/photos/21142669/medium.jpeg,,"",,1,0,false,2,"South Oxford, ME 04217, USA",44.3306840841,-70.7597881928,263,,,,263,,,false,gps,gps,Chalciporus,Chalciporus,,Fungi,118365
25830446,b9725ff5-7894-4382-a46b-ebb121155577,Sun May 26 2019 16:32:04 GMT-0400 (EDT),2019-05-26,2019-05-26 20:32:04 UTC,Eastern Time (US & Canada),1046402,jsrhollis,JSReiff,2019-05-26 20:32:59 UTC,2023-12-16 14:54:29 UTC,research,CC-BY,https://www.inaturalist.org/observations/25830446,https://inaturalist-open-data.s3.amazonaws.com/photos/40522985/medium.jpg,,"",,1,0,false,3,"Oxford County, US-ME, US",44.3312736182,-70.7513240632,5,,,,5,,open,false,,,pink lady's slipper,Cypripedium acaule,pink lady's slipper,Plantae,47588
28888281,5419c443-845b-44e1-96cf-78579d940665,2019-07-15 1:13:35 PM EDT,2019-07-15,2019-07-15 17:13:35 UTC,Eastern Time (US & Canada),1815976,tazzy1,,2019-07-15 20:26:52 UTC,2019-08-28 19:23:42 UTC,research,CC-BY-NC,https://www.inaturalist.org/observations/28888281,https://inaturalist-open-data.s3.amazonaws.com/photos/45057418/medium.jpeg,,"",,1,0,false,2,"South Oxford, ME 04217, USA",44.3337097168,-70.7574462891,,,,,,,,false,gps,gps,Greater Purple Fringed Orchid,Platanthera grandiflora,Greater Purple Fringed Orchid,Plantae,132322
30983827,86fc3181-7e2f-4082-bf79-d851aed4caa0,Thu Oct 04 2018 17:37:47 GMT-0400 (EDT),2018-10-04,2018-10-04 21:37:47 UTC,Eastern Time (US & Canada),2089111,kater66,Kate Rideout,2019-08-17 12:26:49 UTC,2019-08-17 12:27:12 UTC,needs_id,CC-BY-NC,https://www.inaturalist.org/observations/30983827,https://inaturalist-open-data.s3.amazonaws.com/photos/48446214/medium.jpg,,"",,0,0,false,3,"04255, Greenwood, ME, US",44.334,-70.758575,5,,,,5,,,false,,,,Pleurocybella porrigens,angel's wings,Fungi,48509
31686152,76be5f73-da6c-4250-8a73-b85cd8524577,2019-08-15 1:05:21 PM EDT,2019-08-15,2019-08-15 17:05:21 UTC,Eastern Time (US & Canada),1815976,tazzy1,,2019-08-28 19:23:03 UTC,2019-08-29 05:33:19 UTC,needs_id,CC-BY-NC,https://www.inaturalist.org/observations/31686152,https://inaturalist-open-data.s3.amazonaws.com/photos/49616505/medium.jpeg,,"",,0,0,false,2,"South Oxford, ME 04217, USA",44.3346214294,-70.759262085,,,,,,,,false,gps,gps,,Clavulinopsis,Clubs and Corals,Fungi,55244
32417884,23792790-ccef-4ad5-8433-366a5a5ac893,Mon Sep 09 2019 12:36:12 GMT-0400 (EDT),2019-09-09,2019-09-09 16:36:12 UTC,Eastern Time (US & Canada),1046402,jsrhollis,JSReiff,2019-09-09 16:37:00 UTC,2025-09-29 18:35:55 UTC,needs_id,CC-BY,https://www.inaturalist.org/observations/32417884,https://inaturalist-open-data.s3.amazonaws.com/photos/50842647/medium.jpg,,"",,0,0,false,3,"Greenwood, ME, US",44.3334837584,-70.7568852883,10,,,,10,,,false,,,,Caulophyllum thalictroides,blue cohosh,Plantae,84330
89249179,b6fb9a42-00b9-4061-b8a4-07f3f4b98cde,Fri Jul 30 2021 12:10:21 GMT-0400 (EDT),2021-07-30,2021-07-30 16:10:21 UTC,Eastern Time (US & Canada),1388109,mcdonoughm,,2021-07-30 22:13:33 UTC,2021-11-08 00:47:10 UTC,research,,https://www.inaturalist.org/observations/89249179,https://static.inaturalist.org/photos/147363088/medium.jpg,,"","",1,0,false,3,"Oxford County, US-ME, US",44.3318946753,-70.75174517,98,,,,98,,open,false,,,Scaly Chanterelle,Turbinellus floccosus,Scaly Chanterelle,Fungi,417398
89426371,f34fa859-d846-4c23-8914-d0addffb5b30,Fri Jul 30 2021 11:49:02 GMT-0400 (EDT),2021-07-30,2021-07-30 15:49:02 UTC,Eastern Time (US & Canada),1388109,mcdonoughm,,2021-08-01 02:53:30 UTC,2021-08-01 02:53:59 UTC,needs_id,,https://www.inaturalist.org/observations/89426371,https://static.inaturalist.org/photos/147673169/medium.jpg,,"","",0,0,false,3,"Greenwood, ME, US",44.332745,-70.75595,10,,,,10,,open,false,,,"",Turbinellus floccosus,Scaly Chanterelle,Fungi,417398
89427134,75582e04-5e12-4dd8-8a62-f05660d241bb,Fri Jul 30 2021 11:50:18 GMT-0400 (EDT),2021-07-30,2021-07-30 15:50:18 UTC,Eastern Time (US & Canada),1388109,mcdonoughm,,2021-08-01 03:01:47 UTC,2023-07-24 14:40:15 UTC,needs_id,,https://www.inaturalist.org/observations/89427134,https://static.inaturalist.org/photos/147674528/medium.jpg,,"","",1,0,false,3,"Greenwood, ME, US",44.332425,-70.7562866667,200,,,,200,,,false,,,Coral Fungi,Ramaria,Coral Fungi,Fungi,48707
92010914,3707c4d1-5673-47a7-8ca0-441097e8fb2c,2021-08-21 10:02:35,2021-08-21,2021-08-21 14:02:35 UTC,Eastern Time (US & Canada),4282247,varsha_desai,Varsha Desai,2021-08-21 20:14:25 UTC,2021-08-21 20:14:45 UTC,needs_id,,https://www.inaturalist.org/observations/92010914,https://static.inaturalist.org/photos/152278123/medium.jpeg,,"",,0,0,false,2,"South Oxford, ME 04217, USA",44.3342859722,-70.7593109722,,,,,,,,false,gps,gps,Waxcaps,Hygrocybe,Waxcaps,Fungi,51871
94475500,61a8ae37-9ade-4d49-88a3-a8c43b55760f,Sat Sep 11 2021 13:55:44 GMT-0400 (EDT),2021-09-11,2021-09-11 17:55:44 UTC,Eastern Time (US & Canada),2261632,pellison,,2021-09-11 19:03:24 UTC,2021-09-11 19:03:53 UTC,needs_id,CC-BY-NC,https://www.inaturalist.org/observations/94475500,https://inaturalist-open-data.s3.amazonaws.com/photos/156721534/medium.jpg,,"","",0,0,false,3,"Greenwood, ME, US",44.3306883333,-70.75055,4,,,,4,,,false,,,"",Dacrymyces chrysospermus,Orange Jelly Spot,Fungi,118028
94494776,b33beb9e-0df9-4d9a-aa68-f9d1b3ceb0d2,Sat Sep 11 2021 14:08:51 GMT-0400 (EDT),2021-09-11,2021-09-11 18:08:51 UTC,Eastern Time (US & Canada),2261632,pellison,,2021-09-11 21:27:20 UTC,2023-07-23 21:10:06 UTC,needs_id,CC-BY-NC,https://www.inaturalist.org/observations/94494776,https://inaturalist-open-data.s3.amazonaws.com/photos/156756991/medium.jpg,,"","",2,0,false,3,"Greenwood, ME, US",44.332675,-70.755705,4,,,,4,,,false,,,Coral Fungi,Ramaria,Coral Fungi,Fungi,48707
97839282,d99e1f37-9ecc-4351-9efe-ef17fcde1f8c,Fri Oct 08 2021 15:08:40 GMT-0400 (EDT),2021-10-08,2021-10-08 19:08:40 UTC,Eastern Time (US & Canada),1380971,jeffi,,2021-10-10 23:35:54 UTC,2021-10-11 12:13:26 UTC,research,,https://www.inaturalist.org/observations/97839282,https://static.inaturalist.org/photos/162782489/medium.jpg,,"","",1,0,false,3,"Greenwood, ME, US",44.33355,-70.7580033333,4,,,,4,,open,false,,,striped maple,Acer pensylvanicum,striped maple,Plantae,48095
118792174,62610db7-8a5f-4e42-8771-d19a6a3de0ad,2022-05-26 11:28:27-04:00,2022-05-26,2022-05-26 15:28:27 UTC,Eastern Time (US & Canada),962657,emilye,,2022-05-26 15:28:41 UTC,2024-10-09 18:41:30 UTC,needs_id,,https://www.inaturalist.org/observations/118792174,https://static.inaturalist.org/photos/245574042/medium.jpg,,"","",1,0,false,3,"Greenwood, ME, US",44.3321952703,-70.752338054,8,,,,8,,,false,,,"Artist's Brackets, Reishi, and Allies",Ganoderma,"Artist's Brackets, Reishi, and Allies",Fungi,48475
160556143,d56ea2b7-2335-422b-91c1-999a1db7c067,2023-05-08 09:31:10,2023-05-08,2023-05-08 13:31:10 UTC,Eastern Time (US & Canada),1521016,curiouswanderer,Sue,2023-05-08 13:31:52 UTC,2024-05-20 11:28:40 UTC,research,CC-BY-NC,https://www.inaturalist.org/observations/160556143,https://inaturalist-open-data.s3.amazonaws.com/photos/277449947/medium.jpeg,,"",,2,0,false,2,"South Oxford, ME 04217, USA",44.3348879733,-70.7594844973,27,,,,27,,open,false,,,painted trillium,Trillium undulatum,painted trillium,Plantae,51435
160556497,62ed604e-18bb-4f94-972e-423158386b41,2023-05-08 09:34:14,2023-05-08,2023-05-08 13:34:14 UTC,Eastern Time (US & Canada),1521016,curiouswanderer,Sue,2023-05-08 13:34:56 UTC,2023-05-13 21:03:27 UTC,research,CC-BY-NC,https://www.inaturalist.org/observations/160556497,https://inaturalist-open-data.s3.amazonaws.com/photos/277450723/medium.jpeg,,"",,2,0,false,2,"South Oxford, ME 04217, USA",44.3347050898,-70.7592918251,8,,,,8,,,false,,,green false hellebore,Veratrum viride,green false hellebore,Plantae,79484
160560862,bfd82c24-b3f1-4861-9a91-06b16a5364eb,2023-05-08 10:04:36,2023-05-08,2023-05-08 14:04:36 UTC,Eastern Time (US & Canada),1521016,curiouswanderer,Sue,2023-05-08 14:05:31 UTC,2023-06-05 09:42:44 UTC,needs_id,CC-BY-NC,https://www.inaturalist.org/observations/160560862,https://inaturalist-open-data.s3.amazonaws.com/photos/277458412/medium.jpeg,,"",,0,0,false,2,"South Oxford, ME 04217, USA",44.3328054071,-70.7538385723,10,,,,10,,open,false,,,small white violet,Viola minuscula,northern white violet,Plantae,1392347
160570318,ae793408-e759-4ccf-8c5a-7288bcb4bc45,2023-05-08 11:06:54,2023-05-08,2023-05-08 15:06:54 UTC,Eastern Time (US & Canada),1521016,curiouswanderer,Sue,2023-05-08 15:08:12 UTC,2023-05-08 15:08:30 UTC,needs_id,CC-BY-NC,https://www.inaturalist.org/observations/160570318,https://inaturalist-open-data.s3.amazonaws.com/photos/277475268/medium.jpeg,,"",,0,0,false,2,"South Oxford, ME 04217, USA",44.3360225483,-70.7610320246,12,,,,12,,,false,,,serviceberries,Amelanchier,serviceberries,Plantae,49230
160941984,4baae1e9-bceb-4c6d-91d0-9c8f9d932e30,2023-05-10 12:53:44-04:00,2023-05-10,2023-05-10 16:53:44 UTC,Eastern Time (US & Canada),2261632,pellison,,2023-05-10 17:57:13 UTC,2023-05-10 18:05:33 UTC,research,CC-BY-NC,https://www.inaturalist.org/observations/160941984,https://inaturalist-open-data.s3.amazonaws.com/photos/278150088/medium.jpg,,"","",1,0,false,3,"Greenwood, ME, US",44.333355,-70.7565283333,4,,,,4,,,false,,,Carolina spring-beauty,Claytonia caroliniana,Carolina Springbeauty,Plantae,67775
160942275,d1b7a97e-e125-4e89-a142-e69d2d73a937,2023-05-10 12:14:44-04:00,2023-05-10,2023-05-10 16:14:44 UTC,Eastern Time (US & Canada),2261632,pellison,,2023-05-10 17:58:50 UTC,2023-05-10 19:58:29 UTC,research,CC-BY-NC,https://www.inaturalist.org/observations/160942275,https://inaturalist-open-data.s3.amazonaws.com/photos/278150647/medium.jpg,,"","",1,0,false,3,"Greenwood, ME, US",44.3355533333,-70.7604583333,4,,,,4,,,false,,,dwarf ginseng,Panax trifolius,dwarf ginseng,Plantae,123049
160942562,34664f22-708e-4f30-ab0f-093e5f99f57d,2023-05-10 12:42:13-04:00,2023-05-10,2023-05-10 16:42:13 UTC,Eastern Time (US & Canada),2261632,pellison,,2023-05-10 18:00:58 UTC,2023-05-10 19:15:12 UTC,research,CC-BY-NC,https://www.inaturalist.org/observations/160942562,https://inaturalist-open-data.s3.amazonaws.com/photos/278151210/medium.jpg,,"","",1,0,false,3,"Greenwood, ME, US",44.3335966667,-70.7573783333,5,,,,5,,,false,,,wood anemone,Anemonoides quinquefolia,wood anemone,Plantae,950598
160942835,19a4382a-0209-4025-8034-bdd092c692f1,2023-05-10 12:13:42-04:00,2023-05-10,2023-05-10 16:13:42 UTC,Eastern Time (US & Canada),2261632,pellison,,2023-05-10 18:02:56 UTC,2023-07-10 20:03:10 UTC,research,CC-BY-NC,https://www.inaturalist.org/observations/160942835,https://inaturalist-open-data.s3.amazonaws.com/photos/278151726/medium.jpg,,"","",1,0,false,3,"Greenwood, ME, US",44.3354866667,-70.760425,4,,,,4,,open,false,,,painted trillium,Trillium undulatum,painted trillium,Plantae,51435
161689981,b87a54f9-4d5d-4e86-9937-34c3ab4b22f8,2023-05-06 16:41:26-04:00,2023-05-06,2023-05-06 20:41:26 UTC,Eastern Time (US & Canada),1078386,eetucek,,2023-05-14 21:35:38 UTC,2024-02-18 05:34:20 UTC,research,,https://www.inaturalist.org/observations/161689981,https://static.inaturalist.org/photos/279497386/medium.jpg,,"","",2,0,false,3,"Greenwood, ME, US",44.3355216667,-70.76062,5,,,,5,,open,false,,,painted trillium,Trillium undulatum,painted trillium,Plantae,51435
161690114,9defd2b2-b200-4d87-a652-e967e7b07dcb,2023-05-06 15:44:47-04:00,2023-05-06,2023-05-06 19:44:47 UTC,Eastern Time (US & Canada),1078386,eetucek,,2023-05-14 21:36:42 UTC,2025-01-20 04:09:51 UTC,research,,https://www.inaturalist.org/observations/161690114,https://static.inaturalist.org/photos/279497722/medium.jpg,,"","",1,0,false,3,"Greenwood, ME, US",44.335455,-70.7605583333,4,,,,4,,,false,,,sessile bellwort,Uvularia sessilifolia,sessile bellwort,Plantae,67772
161828251,ea1aee1e-7168-42d6-aa71-a7fba0c607b4,2023-05-15 08:52:53-04:00,2023-05-15,2023-05-15 12:52:53 UTC,Eastern Time (US & Canada),1046402,jsrhollis,JSReiff,2023-05-15 16:52:13 UTC,2023-12-16 14:54:05 UTC,research,CC-BY,https://www.inaturalist.org/observations/161828251,https://inaturalist-open-data.s3.amazonaws.com/photos/279750974/medium.jpg,,"","",1,0,false,3,"Greenwood, ME, US",44.3326675478,-70.7570522916,344,,,,344,,,false,,,threeleaf goldthread,Coptis trifolia,threeleaf goldthread,Plantae,126251
171501381,bf23a10e-0c89-4539-b888-68753a18ae31,2023-07-06 14:48:21,2023-07-06,2023-07-06 18:48:21 UTC,Eastern Time (US & Canada),4465482,wanderingeden,"",2023-07-07 03:46:52 UTC,2023-11-18 06:21:20 UTC,research,CC-BY-NC,https://www.inaturalist.org/observations/171501381,https://inaturalist-open-data.s3.amazonaws.com/photos/297605504/medium.jpeg,,"",,1,0,false,2,"Oxford County, US-ME, US",44.3317523491,-70.7513461778,,,,,27348,obscured,,true,gps,gps,clasping Venus's looking glass,Triodanis perfoliata,clasping Venus's looking glass,Plantae,64293
173971624,7d5f5c97-7cfe-469c-b4f8-b5b1def15033,2023-07-20 10:33:08-04:00,2023-07-20,2023-07-20 14:33:08 UTC,Eastern Time (US & Canada),6903448,jamesalbany,,2023-07-20 17:59:19 UTC,2023-07-20 18:01:40 UTC,research,CC-BY-NC,https://www.inaturalist.org/observations/173971624,https://inaturalist-open-data.s3.amazonaws.com/photos/302182172/medium.jpg,,"","",1,0,false,3,"Greenwood, ME, US",44.3338133333,-70.7584216667,44,,,,44,,,false,,,orange gilled waxcap,Humidicutis marginata,orange gilled waxcap,Fungi,125684
175965996,7527fab5-9974-4fb4-9e28-57d706b41e77,2023-07-23 11:55:04-04:00,2023-07-23,2023-07-23 15:55:04 UTC,Eastern Time (US & Canada),69020,vegematic,Nancy Eaton,2023-07-31 17:33:13 UTC,2023-07-31 17:33:38 UTC,needs_id,CC-BY-NC,https://www.inaturalist.org/observations/175965996,https://inaturalist-open-data.s3.amazonaws.com/photos/305867849/medium.jpg,,"","",0,0,false,3,"Greenwood, ME, US",44.3317716667,-70.7516466667,11,,,,11,,,false,,,"",Geoglossum,Earth Tongues,Fungi,123258
175966531,6d63a042-3d0d-4976-9c01-0abe3612be0a,2023-07-23 09:00:46-04:00,2023-07-23,2023-07-23 13:00:46 UTC,Eastern Time (US & Canada),69020,vegematic,Nancy Eaton,2023-07-31 17:36:45 UTC,2023-07-31 17:51:18 UTC,research,CC-BY-NC,https://www.inaturalist.org/observations/175966531,https://inaturalist-open-data.s3.amazonaws.com/photos/305868830/medium.jpg,,"","",1,0,false,3,"Greenwood, ME, US",44.3327116667,-70.7557966667,3,,,,3,,open,false,,,Scaly Chanterelle,Turbinellus floccosus,Scaly Chanterelle,Fungi,417398
184558812,80dd639b-3a9a-493e-8882-dd0801d794a2,2023-09-22 13:26:56-04:00,2023-09-22,2023-09-22 17:26:56 UTC,Eastern Time (US & Canada),6903448,jamesalbany,,2023-09-23 17:25:21 UTC,2023-09-24 01:21:28 UTC,needs_id,CC-BY-NC,https://www.inaturalist.org/observations/184558812,https://inaturalist-open-data.s3.amazonaws.com/photos/322176592/medium.jpg,,"","",0,0,false,3,"Greenwood, ME, US",44.3313665811,-70.7574133935,196,,,,196,,,false,,,"",Pholiota,Scalycaps,Fungi,64076
190795579,e93bb0df-b4b4-44bb-a147-e7e7ac9eff88,2023-11-12 09:44:35-05:00,2023-11-12,2023-11-12 14:44:35 UTC,Eastern Time (US & Canada),1046402,jsrhollis,JSReiff,2023-11-12 14:45:22 UTC,2023-12-16 14:54:05 UTC,research,CC-BY,https://www.inaturalist.org/observations/190795579,https://inaturalist-open-data.s3.amazonaws.com/photos/334559567/medium.jpg,,"","",1,0,false,3,"Mayville Rd, Bethel, ME, US",44.3330536659,-70.7562440483,8,,,,8,,,false,,,Tree Lungwort,Lobaria pulmonaria,Tree Lungwort,Fungi,48711
190797271,c395c719-c4a2-4a3b-b96d-c84c5b9515ad,2023-11-12 09:59:36-05:00,2023-11-12,2023-11-12 14:59:36 UTC,Eastern Time (US & Canada),1046402,jsrhollis,JSReiff,2023-11-12 15:02:52 UTC,2023-12-16 14:54:05 UTC,research,CC-BY,https://www.inaturalist.org/observations/190797271,https://inaturalist-open-data.s3.amazonaws.com/photos/334560094/medium.jpg,,"","",2,0,false,3,"Greenwood, ME, US",44.3312716667,-70.75312,45,,,,45,,open,false,,,tamarack,Larix laricina,tamarack,Plantae,58721
190836444,902b6b7b-7772-40bf-a196-29a36e0ef1d7,2023-11-12 11:19:08-05:00,2023-11-12,2023-11-12 16:19:08 UTC,Eastern Time (US & Canada),1046402,jsrhollis,JSReiff,2023-11-12 21:21:11 UTC,2023-12-16 14:54:05 UTC,needs_id,CC-BY,https://www.inaturalist.org/observations/190836444,https://inaturalist-open-data.s3.amazonaws.com/photos/334635510/medium.jpg,,"","",0,0,false,3,"Greenwood, ME, US",44.3323883333,-70.7519216667,212,,,,212,,,false,,,"",Plagiomnium,Thyme and Allied Mosses,Plantae,122672
190836506,50fa7979-0762-4fe2-b008-f1d6ae666b8f,2023-11-12 11:15:10-05:00,2023-11-12,2023-11-12 16:15:10 UTC,Eastern Time (US & Canada),1046402,jsrhollis,JSReiff,2023-11-12 21:21:51 UTC,2023-12-16 14:54:05 UTC,research,CC-BY,https://www.inaturalist.org/observations/190836506,https://inaturalist-open-data.s3.amazonaws.com/photos/334635652/medium.jpg,,"","",2,0,false,3,"Greenwood, ME, US",44.3306283333,-70.7507866667,14,,,,14,,,false,,,partridgeberry,Mitchella repens,partridgeberry,Plantae,83799
190836941,8f82a92f-dde1-447e-ac7b-41df7ed782bf,2023-11-12 09:37:01-05:00,2023-11-12,2023-11-12 14:37:01 UTC,Eastern Time (US & Canada),1046402,jsrhollis,JSReiff,2023-11-12 21:27:14 UTC,2024-01-28 20:14:20 UTC,research,CC-BY,https://www.inaturalist.org/observations/190836941,https://inaturalist-open-data.s3.amazonaws.com/photos/334636605/medium.jpg,,"",With fertile frond,2,0,false,3,"Greenwood, ME, US",44.3335383333,-70.75667,36,,,,36,,,false,,,Christmas fern,Polystichum acrostichoides,Christmas fern,Plantae,54412
190837017,d87e009f-0b86-4c52-85d3-0e68f2af48fd,2023-11-12 10:32:45-05:00,2023-11-12,2023-11-12 15:32:45 UTC,Eastern Time (US & Canada),1046402,jsrhollis,JSReiff,2023-11-12 21:28:08 UTC,2023-12-16 14:54:05 UTC,needs_id,CC-BY,https://www.inaturalist.org/observations/190837017,https://inaturalist-open-data.s3.amazonaws.com/photos/334636846/medium.jpg,,"","",0,0,false,3,"Greenwood, ME, US",44.330775,-70.75077,4,,,,4,,,false,,,"",Leucobryum,Leucobryum mosses,Plantae,122659
204270567,467e4c1b-4652-4cf9-a41a-99f4d50b9ce9,2024-03-06 13:41:22-05:00,2024-03-06,2024-03-06 18:41:22 UTC,Eastern Time (US & Canada),2629821,mamakin,Mamakin,2024-03-28 14:53:34 UTC,2024-03-28 23:41:22 UTC,research,CC-BY-NC,https://www.inaturalist.org/observations/204270567,https://inaturalist-open-data.s3.amazonaws.com/photos/361037065/medium.jpg,,"","",1,0,false,3,"Sunburn River Valley Lane, Greenwood, ME, US",44.33185,-70.75168,4,,,,4,,,false,,,Stinking Orange Oyster,Phyllotopsis nidulans,Stinking Orange Oyster,Fungi,52529
209633486,6c1dcac8-3d39-41d2-87f9-26adb074b8a5,Fri Apr 26 2024 11:47:43 GMT -0400 (GMT-4),2024-04-26,2024-04-26 15:47:43 UTC,Eastern Time (US & Canada),1521016,curiouswanderer,Sue,2024-04-26 16:10:09 UTC,2025-08-01 22:36:50 UTC,research,CC-BY-NC,https://www.inaturalist.org/observations/209633486,https://inaturalist-open-data.s3.amazonaws.com/photos/370929352/medium.jpeg,,"",,1,0,false,333,South Oxford,44.3334999084,-70.7566604614,54,,,,54,,,false,,,Carolina Springbeauty,Claytonia caroliniana,Carolina Springbeauty,Plantae,67775
215305778,04ec3ca6-a70a-493a-8d0c-0ad3bc1b6985,2024-05-12 13:54:11-04:00,2024-05-12,2024-05-12 17:54:11 UTC,Eastern Time (US & Canada),6903448,jamesalbany,,2024-05-12 18:02:47 UTC,2024-05-12 19:33:32 UTC,research,CC-BY-NC,https://www.inaturalist.org/observations/215305778,https://inaturalist-open-data.s3.amazonaws.com/photos/380643860/medium.jpg,,"","",1,0,false,3,"Albany Twp, ME, US",44.3357383333,-70.7587666667,7,,,,7,,,false,,,wood anemone,Anemonoides quinquefolia,wood anemone,Plantae,950598
215306946,8fc53ecc-c1ce-4d82-971a-4718ee6a918f,2024-05-12 13:55:29-04:00,2024-05-12,2024-05-12 17:55:29 UTC,Eastern Time (US & Canada),6903448,jamesalbany,,2024-05-12 18:07:02 UTC,2025-01-20 22:00:45 UTC,research,CC-BY-NC,https://www.inaturalist.org/observations/215306946,https://inaturalist-open-data.s3.amazonaws.com/photos/380658203/medium.jpg,,"","",1,0,false,3,"Albany Twp, ME, US",44.335755,-70.7587583333,3,,,,3,,,false,,,sessile bellwort,Uvularia sessilifolia,sessile bellwort,Plantae,67772
240853465,a9497092-aa1d-4b52-8792-5beaabc83a86,2024-09-07 10:56:37-04:00,2024-09-07,2024-09-07 14:56:37 UTC,Eastern Time (US & Canada),5287811,isa_mae_,Isa,2024-09-10 00:17:38 UTC,2024-09-10 00:17:48 UTC,needs_id,CC-BY-NC,https://www.inaturalist.org/observations/240853465,https://inaturalist-open-data.s3.amazonaws.com/photos/429167451/medium.jpeg,,"","",0,0,false,3,"Greenwood, ME, US",44.3340216667,-70.758575,19,,,,19,,,false,,,"",Xylaria,,Fungi,55268
240853513,a1b24524-07ad-422f-a7c8-b74f119c113e,2024-09-07 11:04:01-04:00,2024-09-07,2024-09-07 15:04:01 UTC,Eastern Time (US & Canada),5287811,isa_mae_,Isa,2024-09-10 00:17:56 UTC,2024-09-10 02:28:28 UTC,needs_id,CC-BY-NC,https://www.inaturalist.org/observations/240853513,https://inaturalist-open-data.s3.amazonaws.com/photos/429167522/medium.jpeg,,"","",1,0,false,3,"Greenwood, ME, US",44.33273,-70.7553333333,23,,,,23,,,false,,,Sharp-scaly Pholiota,Pholiota squarrosoides,Sharp-scaly Pholiota,Fungi,157728
240853650,f8bd1f19-79d9-482c-ad22-442d92d1e149,2024-09-07 11:11:56-04:00,2024-09-07,2024-09-07 15:11:56 UTC,Eastern Time (US & Canada),5287811,isa_mae_,Isa,2024-09-10 00:18:51 UTC,2024-09-10 00:19:00 UTC,needs_id,CC-BY-NC,https://www.inaturalist.org/observations/240853650,https://inaturalist-open-data.s3.amazonaws.com/photos/429167744/medium.jpeg,,"","",0,0,false,3,"Sunburn River Valley Lane, Greenwood, ME, US",44.3318666667,-70.7524033333,43,,,,43,,,false,,,"",Humidicutis marginata,orange gilled waxcap,Fungi,125684
240853688,fe35d841-52ec-4176-b35b-5b2ff58a8dee,2024-09-07 11:13:15-04:00,2024-09-07,2024-09-07 15:13:15 UTC,Eastern Time (US & Canada),5287811,isa_mae_,Isa,2024-09-10 00:19:10 UTC,2024-09-10 00:19:48 UTC,needs_id,CC-BY-NC,https://www.inaturalist.org/observations/240853688,https://inaturalist-open-data.s3.amazonaws.com/photos/429167826/medium.jpeg,,"","",0,0,false,3,"Sunburn River Valley Lane, Greenwood, ME, US",44.3319083333,-70.7524033333,5,,,,5,,,false,,,"",Clavaria fumosa,Smoky Spindles,Fungi,123127
247722123,60d2d2cc-9c97-4624-9f7c-43bb93135e91,2024-05-25 15:15:16,2024-05-25,2024-05-25 19:15:16 UTC,Eastern Time (US & Canada),4465482,wanderingeden,"",2024-10-17 04:36:30 UTC,2025-04-06 00:45:02 UTC,research,CC-BY-NC,https://www.inaturalist.org/observations/247722123,https://inaturalist-open-data.s3.amazonaws.com/photos/442497433/medium.jpeg,,"",Growing in a rich hardwood forest. ,1,0,false,2,"Oxford County, US-ME, US",44.3328624015,-70.7616939073,,,,,27348,obscured,obscured,true,,,large yellow lady's-slipper,Cypripedium parviflorum pubescens,large yellow lady's-slipper,Plantae,131214
249379047,d961d54a-52b6-4fb5-b911-f700e198238a,Sat Oct 05 2024 08:52:27 GMT -0400 (EDT),2024-10-05,2024-10-05 12:52:27 UTC,Eastern Time (US & Canada),1521016,curiouswanderer,Sue,2024-10-27 19:30:00 UTC,2025-04-08 00:33:15 UTC,research,CC-BY-NC,https://www.inaturalist.org/observations/249379047,https://inaturalist-open-data.s3.amazonaws.com/photos/445774948/medium.jpeg,,"",,1,0,false,333,"Oxford County, US-ME, US",44.3311309814,-70.7510070801,33,,,,33,,,false,,,Cucumber Root,Medeola virginiana,Cucumber Root,Plantae,54924
271044638,e8c937dd-67c8-4788-bdd7-caa0feba2759,2025-04-17 13:03:06,2025-04-17,2025-04-17 17:03:06 UTC,Eastern Time (US & Canada),1046402,jsrhollis,JSReiff,2025-04-17 17:12:56 UTC,2025-04-25 14:19:19 UTC,research,CC-BY,https://www.inaturalist.org/observations/271044638,https://inaturalist-open-data.s3.amazonaws.com/photos/487512696/medium.jpg,,"",,2,0,false,843,"Vernon St, Albany Twp, ME, US",44.3361804681,-70.761767244,15,,,,15,,,false,,,Wood Frog,Lithobates sylvaticus,Wood Frog,Amphibia,66012
271053282,db74091d-56b0-4245-9402-9bee1ba27c0b,2025-04-17 12:44:43-04:00,2025-04-17,2025-04-17 16:44:43 UTC,Eastern Time (US & Canada),1046402,jsrhollis,JSReiff,2025-04-17 17:58:47 UTC,2025-04-19 12:12:14 UTC,research,CC-BY,https://www.inaturalist.org/observations/271053282,https://inaturalist-open-data.s3.amazonaws.com/photos/487528416/medium.jpg,,"","",1,0,false,3,"Greenwood, ME, US",44.3333633333,-70.7565466667,4,,,,4,,,false,,,Tree Lungwort,Lobaria pulmonaria,Tree Lungwort,Fungi,48711
284360882,6f6cbedb-2770-43d7-9dfd-8480a371d4a2,2025-05-26 12:48:28-04:00,2025-05-26,2025-05-26 16:48:28 UTC,Eastern Time (US & Canada),6903448,jamesalbany,,2025-05-26 20:20:57 UTC,2025-05-26 23:37:35 UTC,research,CC-BY-NC,https://www.inaturalist.org/observations/284360882,https://inaturalist-open-data.s3.amazonaws.com/photos/511033869/medium.jpg,,"","",1,0,false,3,"Greenwood, ME, US",44.333625,-70.7580416667,18,,,,18,,,false,,,dwarf ginseng,Panax trifolius,dwarf ginseng,Plantae,123049
284361367,e90bf3bb-5931-409b-a8e9-34b9c9804d3c,2025-05-26 12:44:24-04:00,2025-05-26,2025-05-26 16:44:24 UTC,Eastern Time (US & Canada),6903448,jamesalbany,,2025-05-26 20:22:14 UTC,2025-07-29 14:46:29 UTC,research,CC-BY-NC,https://www.inaturalist.org/observations/284361367,https://inaturalist-open-data.s3.amazonaws.com/photos/511034614/medium.jpg,,"","",1,0,false,3,"Albany Twp, ME, US",44.33478,-70.7593616667,4,,,,4,,,false,,,rose twisted-stalk,Streptopus lanceolatus,rose twisted-stalk,Plantae,127916
285377086,094533b3-fced-401b-877e-ad1845104472,2025-05-29 14:55:24,2025-05-29,2025-05-29 18:55:24 UTC,Eastern Time (US & Canada),3477248,cr0akie,Maxwell Gagnon,2025-05-30 16:53:35 UTC,2025-05-30 17:11:24 UTC,research,,https://www.inaturalist.org/observations/285377086,https://static.inaturalist.org/photos/512946541/medium.jpg,,"",,1,0,false,843,"Greenwood, ME, US",44.3334166667,-70.7566966667,4,,,,4,,,false,,,dwarf ginseng,Panax trifolius,dwarf ginseng,Plantae,123049
285468895,4710ff68-fdca-4aff-8245-3f8576ad4866,2025-05-29 14:43:52,2025-05-29,2025-05-29 18:43:52 UTC,Eastern Time (US & Canada),3477248,cr0akie,Maxwell Gagnon,2025-05-30 23:06:45 UTC,2025-06-03 02:20:16 UTC,research,,https://www.inaturalist.org/observations/285468895,https://static.inaturalist.org/photos/514955257/medium.jpg,,"",,1,0,false,843,"Albany Twp, ME, US",44.335475,-70.760605,4,,,,4,,open,false,,,painted trillium,Trillium undulatum,painted trillium,Plantae,51435
286442845,9c1d9dff-416e-4a04-8b0f-d354c668738a,2025-05-29 15:01:56,2025-05-29,2025-05-29 19:01:56 UTC,Eastern Time (US & Canada),3477248,cr0akie,Maxwell Gagnon,2025-06-03 02:21:03 UTC,2025-10-30 20:43:53 UTC,needs_id,,https://www.inaturalist.org/observations/286442845,https://static.inaturalist.org/photos/514955499/medium.jpg,,"",,3,0,false,843,"Greenwood, ME, US",44.3333966667,-70.7565916667,4,,,,4,,,false,,,Limnophilinae,Limnophilinae,,Insecta,489803
297195479,7864b369-3e71-4919-8256-49709c90618f,2025-07-11 15:44:55,2025-07-11,2025-07-11 19:44:55 UTC,Eastern Time (US & Canada),1427403,solcm7,Sol Adams,2025-07-12 03:48:45 UTC,2025-07-15 19:31:59 UTC,needs_id,,https://www.inaturalist.org/observations/297195479,https://static.inaturalist.org/photos/535214997/medium.jpg,,"",,0,0,false,2,"South Oxford, ME 04217, USA",44.3355044997,-70.7613795997,,,,,,,open,false,gps,gps,rough cinquefoil,Potentilla norvegica,rough cinquefoil,Plantae,55732
298240559,6e354e74-036c-419a-913f-ccc385b8e98e,2025-07-11 15:49:26,2025-07-11,2025-07-11 19:49:26 UTC,Eastern Time (US & Canada),1427403,solcm7,Sol Adams,2025-07-15 19:32:00 UTC,2025-07-16 01:15:29 UTC,research,,https://www.inaturalist.org/observations/298240559,https://static.inaturalist.org/photos/537186244/medium.jpg,,"",,1,0,false,2,"South Oxford, ME 04217, USA",44.3343405997,-70.7589908,,,,,,,,false,gps,gps,mountain woodsorrel,Oxalis montana,mountain woodsorrel,Plantae,165994
298240743,873c075a-06fa-45d2-857e-b2747b22816e,2025-07-11 15:51:50,2025-07-11,2025-07-11 19:51:50 UTC,Eastern Time (US & Canada),1427403,solcm7,Sol Adams,2025-07-15 19:32:52 UTC,2025-07-15 19:33:31 UTC,needs_id,,https://www.inaturalist.org/observations/298240743,https://static.inaturalist.org/photos/537186623/medium.jpg,,"",,0,0,false,2,"South Oxford, ME 04217, USA",44.3337379997,-70.758318,,,,,,,,false,gps,gps,polypody ferns,Polypodium,polypody ferns,Plantae,52680
298240976,3471472a-3f80-4285-8c6f-f0b726562043,2025-07-11 15:54:11,2025-07-11,2025-07-11 19:54:11 UTC,Eastern Time (US & Canada),1427403,solcm7,Sol Adams,2025-07-15 19:33:32 UTC,2025-07-18 00:28:10 UTC,research,,https://www.inaturalist.org/observations/298240976,https://static.inaturalist.org/photos/538020342/medium.jpg,,"",,1,0,false,2,"South Oxford, ME 04217, USA",44.3335798997,-70.7581196997,,,,,,,,false,gps,gps,Canada lily,Lilium canadense,Canada lily,Plantae,57131
298677461,ea8b268a-eaed-4bbc-b966-e00f5a872736,2025-07-11 15:54:57,2025-07-11,2025-07-11 19:54:57 UTC,Eastern Time (US & Canada),1427403,solcm7,Sol Adams,2025-07-17 14:39:29 UTC,2025-07-17 14:39:35 UTC,needs_id,,https://www.inaturalist.org/observations/298677461,https://static.inaturalist.org/photos/538027915/medium.jpg,,"",,0,0,false,2,"South Oxford, ME 04217, USA",44.333491,-70.7580825,,,,,,,,false,gps,gps,Rhizomnium,Rhizomnium,,Plantae,68068
298677495,5c9b5b74-bbcf-48d2-88b3-98760651475c,2025-07-11 15:56:25,2025-07-11,2025-07-11 19:56:25 UTC,Eastern Time (US & Canada),1427403,solcm7,Sol Adams,2025-07-17 14:39:36 UTC,2025-10-22 16:35:42 UTC,research,,https://www.inaturalist.org/observations/298677495,https://static.inaturalist.org/photos/538027976/medium.jpg,,"",,1,0,false,2,"South Oxford, ME 04217, USA",44.3335361997,-70.7579817,,,,,,,,false,gps,gps,green false hellebore,Veratrum viride,green false hellebore,Plantae,79484
298677542,25f04da8-5396-49d1-a8bf-ceca57803d25,2025-07-11 15:57:09,2025-07-11,2025-07-11 19:57:09 UTC,Eastern Time (US & Canada),1427403,solcm7,Sol Adams,2025-07-17 14:39:49 UTC,2025-09-12 15:44:20 UTC,needs_id,,https://www.inaturalist.org/observations/298677542,https://static.inaturalist.org/photos/538028071/medium.jpg,,"",On Rubus hispidus,2,0,false,2,"South Oxford, ME 04217, USA",44.3335579997,-70.7579556997,,,,,,,,false,gps,gps,Fen Flies,Neoascia,Fen Flies,Insecta,486780
298677593,bace1e0d-4f2d-48b0-b8eb-966314a88045,2025-07-11 15:57:18,2025-07-11,2025-07-11 19:57:18 UTC,Eastern Time (US & Canada),1427403,solcm7,Sol Adams,2025-07-17 14:40:03 UTC,2025-07-17 14:40:09 UTC,needs_id,,https://www.inaturalist.org/observations/298677593,https://static.inaturalist.org/photos/538028187/medium.jpg,,"",,0,0,false,2,"South Oxford, ME 04217, USA",44.3335579997,-70.7579556997,,,,,,,,false,gps,gps,Cordyceps,Cordyceps,,Fungi,58707
298677608,dd2c72a5-b34f-4b59-92a9-d1c9b577cba6,2025-07-11 15:58:21,2025-07-11,2025-07-11 19:58:21 UTC,Eastern Time (US & Canada),1427403,solcm7,Sol Adams,2025-07-17 14:40:10 UTC,2025-07-17 16:38:57 UTC,research,,https://www.inaturalist.org/observations/298677608,https://static.inaturalist.org/photos/538028244/medium.jpg,,"",,1,0,false,2,"South Oxford, ME 04217, USA",44.3335689,-70.7577832,,,,,,,,false,gps,gps,Canada lily,Lilium canadense,Canada lily,Plantae,57131
298677753,9ffbffa6-1f08-46f3-8492-929adb6b3832,2025-07-11 16:00:05,2025-07-11,2025-07-11 20:00:05 UTC,Eastern Time (US & Canada),1427403,solcm7,Sol Adams,2025-07-17 14:40:44 UTC,2025-07-17 14:41:20 UTC,needs_id,,https://www.inaturalist.org/observations/298677753,https://static.inaturalist.org/photos/538028490/medium.jpg,,"",,0,0,false,2,"South Oxford, ME 04217, USA",44.3336834997,-70.7574007997,,,,,,,,false,gps,gps,Greater Purple Fringed Orchid,Platanthera grandiflora,Greater Purple Fringed Orchid,Plantae,132322
298677928,8ae5b5d4-1f70-4f31-a86f-305df85b4b5f,2025-07-11 16:02:01,2025-07-11,2025-07-11 20:02:01 UTC,Eastern Time (US & Canada),1427403,solcm7,Sol Adams,2025-07-17 14:41:21 UTC,2025-07-17 14:41:37 UTC,needs_id,,https://www.inaturalist.org/observations/298677928,https://static.inaturalist.org/photos/538028800/medium.jpg,,"",,0,0,false,2,"South Oxford, ME 04217, USA",44.3336613,-70.7574309997,,,,,,,,false,gps,gps,tall meadow-rue,Thalictrum pubescens,tall meadow-rue,Plantae,128715
298677983,6159688e-44d0-412e-8f0f-87507eea005a,2025-07-11 16:07:06,2025-07-11,2025-07-11 20:07:06 UTC,Eastern Time (US & Canada),1427403,solcm7,Sol Adams,2025-07-17 14:41:38 UTC,2025-07-17 19:15:47 UTC,research,,https://www.inaturalist.org/observations/298677983,https://static.inaturalist.org/photos/538028938/medium.jpg,,"",,1,0,false,2,"South Oxford, ME 04217, USA",44.3330022997,-70.7561402,,,,,,,,false,gps,gps,partridgeberry,Mitchella repens,partridgeberry,Plantae,83799
298678031,ab5fd1d7-0089-44f1-8a7a-41470b930229,2025-07-11 16:07:40,2025-07-11,2025-07-11 20:07:40 UTC,Eastern Time (US & Canada),1427403,solcm7,Sol Adams,2025-07-17 14:41:50 UTC,2025-07-17 15:11:01 UTC,research,,https://www.inaturalist.org/observations/298678031,https://static.inaturalist.org/photos/538029027/medium.jpg,,"",,1,0,false,2,"South Oxford, ME 04217, USA",44.3328933,-70.7561790997,,,,,,,,false,gps,gps,flat-branched tree-clubmoss,Dendrolycopodium obscurum,flat-branched tree-clubmoss,Plantae,204198
298678115,aa1bae21-6085-4e7c-8857-3130d6a33803,2025-07-11 16:12:38,2025-07-11,2025-07-11 20:12:38 UTC,Eastern Time (US & Canada),1427403,solcm7,Sol Adams,2025-07-17 14:42:17 UTC,2025-07-17 14:42:23 UTC,needs_id,,https://www.inaturalist.org/observations/298678115,https://static.inaturalist.org/photos/538029213/medium.jpg,,"",,0,0,false,2,"South Oxford, ME 04217, USA",44.3327130997,-70.7558911997,,,,,,,,false,gps,gps,boletes,Boletaceae,boletes,Fungi,48702
298678136,e0054dcf-7a15-44d8-862c-5bfd4ed648d2,2025-07-11 16:13:16,2025-07-11,2025-07-11 20:13:16 UTC,Eastern Time (US & Canada),1427403,solcm7,Sol Adams,2025-07-17 14:42:24 UTC,2025-07-17 14:42:36 UTC,needs_id,,https://www.inaturalist.org/observations/298678136,https://static.inaturalist.org/photos/538029260/medium.jpg,,"",,0,0,false,2,"South Oxford, ME 04217, USA",44.3326817,-70.755886,,,,,,,open,false,gps,gps,Scaly Chanterelle,Turbinellus floccosus,Scaly Chanterelle,Fungi,417398
298678170,01d51725-a645-4e6d-80a0-caa3e503a922,2025-07-11 16:17:06,2025-07-11,2025-07-11 20:17:06 UTC,Eastern Time (US & Canada),1427403,solcm7,Sol Adams,2025-07-17 14:42:37 UTC,2025-07-18 15:32:25 UTC,research,,https://www.inaturalist.org/observations/298678170,https://static.inaturalist.org/photos/538029338/medium.jpg,,"",,1,0,false,2,"South Oxford, ME 04217, USA",44.3321007997,-70.7537482,,,,,,,open,false,gps,gps,common selfheal,Prunella vulgaris,common selfheal,Plantae,52764
298678232,20f8aecb-7998-463d-881e-7fdd61cedc07,2025-07-11 16:17:47,2025-07-11,2025-07-11 20:17:47 UTC,Eastern Time (US & Canada),1427403,solcm7,Sol Adams,2025-07-17 14:42:50 UTC,2025-08-21 07:05:16 UTC,needs_id,,https://www.inaturalist.org/observations/298678232,https://static.inaturalist.org/photos/538029406/medium.jpg,,"",,2,1,false,2,"South Oxford, ME 04217, USA",44.3319826997,-70.7537709,,,,,,,,false,gps,gps,Butterflies and Moths,Lepidoptera,Butterflies and Moths,Insecta,47157
298678300,6731317d-12a7-47fe-a214-70b339108717,2025-07-11 16:18:42,2025-07-11,2025-07-11 20:18:42 UTC,Eastern Time (US & Canada),1427403,solcm7,Sol Adams,2025-07-17 14:43:08 UTC,2025-07-17 14:43:18 UTC,needs_id,,https://www.inaturalist.org/observations/298678300,https://static.inaturalist.org/photos/538029556/medium.jpg,,"",,0,0,false,2,"South Oxford, ME 04217, USA",44.3319197,-70.7537655,,,,,,,,false,gps,gps,Alder Sawfly,Eriocampa ovata,Alder Sawfly,Insecta,418164
298678335,5c80f7fb-be50-49d9-ae04-e36ef14d5cda,2025-07-11 16:23:26,2025-07-11,2025-07-11 20:23:26 UTC,Eastern Time (US & Canada),1427403,solcm7,Sol Adams,2025-07-17 14:43:19 UTC,2025-07-17 14:43:24 UTC,needs_id,,https://www.inaturalist.org/observations/298678335,https://static.inaturalist.org/photos/538029662/medium.jpg,,"",,0,0,false,2,"South Oxford, ME 04217, USA",44.3322137997,-70.7537860997,,,,,,,,false,gps,gps,pixie cup and reindeer lichens,Cladonia,pixie cup and reindeer lichens,Fungi,49490
298678359,975e2f24-bb70-4f35-b0fc-134d75e07dda,2025-07-11 16:23:33,2025-07-11,2025-07-11 20:23:33 UTC,Eastern Time (US & Canada),1427403,solcm7,Sol Adams,2025-07-17 14:43:26 UTC,2025-07-17 14:43:31 UTC,needs_id,,https://www.inaturalist.org/observations/298678359,https://static.inaturalist.org/photos/538029714/medium.jpg,,"",,0,0,false,2,"South Oxford, ME 04217, USA",44.3322137997,-70.7537860997,,,,,,,,false,gps,gps,pixie cup and reindeer lichens,Cladonia,pixie cup and reindeer lichens,Fungi,49490
298678401,7f820851-b545-4001-91eb-e60b8314cadc,2025-07-11 16:25:54,2025-07-11,2025-07-11 20:25:54 UTC,Eastern Time (US & Canada),1427403,solcm7,Sol Adams,2025-07-17 14:43:33 UTC,2025-07-17 14:43:48 UTC,needs_id,,https://www.inaturalist.org/observations/298678401,https://static.inaturalist.org/photos/538029765/medium.jpg,,"",,0,0,false,2,"South Oxford, ME 04217, USA",44.3319147997,-70.7529478997,,,,,,,,false,gps,gps,whorled wood aster,Oclemena acuminata,whorled wood aster,Plantae,120181
298678452,ff271e5b-640b-4730-ac62-c0be89b22c41,2025-07-11 16:28:50,2025-07-11,2025-07-11 20:28:50 UTC,Eastern Time (US & Canada),1427403,solcm7,Sol Adams,2025-07-17 14:43:49 UTC,2025-07-17 14:44:06 UTC,needs_id,,https://www.inaturalist.org/observations/298678452,https://static.inaturalist.org/photos/538029898/medium.jpg,,"",,0,0,false,2,"South Oxford, ME 04217, USA",44.3320757997,-70.7519551997,,,,,,,open,false,gps,gps,Scaly Chanterelle,Turbinellus floccosus,Scaly Chanterelle,Fungi,417398
299913285,1df02d6e-3630-49f6-ad79-ef518a53c3ce,2025-07-21 14:49:50-04:00,2025-07-21,2025-07-21 18:49:50 UTC,Eastern Time (US & Canada),630734,madelaur,,2025-07-21 18:50:03 UTC,2025-07-22 00:13:25 UTC,research,,https://www.inaturalist.org/observations/299913285,https://static.inaturalist.org/photos/540341840/medium.jpg,,"","",2,0,false,3,"Vernon St, Albany Twp, ME, US",44.3357045461,-70.7617415073,462,,,,462,,,false,,,Ghost Pipe,Monotropa uniflora,Ghost Pipe,Plantae,49477
299915205,09aecbb3-b34a-46a4-9607-1dfc2b3bb1bc,2025-07-21 14:56:36-04:00,2025-07-21,2025-07-21 18:56:36 UTC,Eastern Time (US & Canada),630734,madelaur,,2025-07-21 18:56:55 UTC,2025-07-21 18:57:26 UTC,needs_id,,https://www.inaturalist.org/observations/299915205,https://static.inaturalist.org/photos/540345550/medium.jpg,,"","",0,0,false,3,"Albany Twp, ME, US",44.3339492679,-70.7585653038,26,,,,26,,open,false,,,"",Russula paludosa,Hintapink,Fungi,371588
299917091,016923f5-8700-494c-930f-85cd61e09cdb,2025-07-21 15:03:02-04:00,2025-07-21,2025-07-21 19:03:02 UTC,Eastern Time (US & Canada),630734,madelaur,,2025-07-21 19:03:15 UTC,2025-07-21 19:04:15 UTC,needs_id,,https://www.inaturalist.org/observations/299917091,https://static.inaturalist.org/photos/540349176/medium.jpg,,"","",0,0,false,3,"Greenwood, ME, US",44.3341341175,-70.7587098255,148,,,,148,,,false,,,"",Caulophyllum thalictroides,blue cohosh,Plantae,84330
299919162,b4acb484-5a34-42ea-9faf-5df0a72b71c2,2025-07-21 15:09:43-04:00,2025-07-21,2025-07-21 19:09:43 UTC,Eastern Time (US & Canada),630734,madelaur,,2025-07-21 19:10:10 UTC,2025-07-21 19:10:54 UTC,needs_id,,https://www.inaturalist.org/observations/299919162,https://static.inaturalist.org/photos/540352402/medium.jpg,,"","",0,0,false,3,"Greenwood, ME, US",44.3324829631,-70.7556802783,549,,,,549,,,false,,,"",Psathyrella piluliformis,Common Stump Brittlestem,Fungi,118273
299923041,998b1213-c10f-42c5-8dad-6cb3ea0fab2c,2025-07-21 15:24:46-04:00,2025-07-21,2025-07-21 19:24:46 UTC,Eastern Time (US & Canada),630734,madelaur,,2025-07-21 19:25:01 UTC,2025-07-21 19:25:33 UTC,needs_id,,https://www.inaturalist.org/observations/299923041,https://static.inaturalist.org/photos/540359920/medium.jpg,,"","",0,0,false,3,"Sunburn River Valley Lane, Greenwood, ME, US",44.3321741352,-70.7517509424,251,,,,251,,,false,,,"",Amanita flavoconia,Yellow Patches,Fungi,125389
299925016,57dd0ab5-e8aa-46fc-9c1b-0bebeb66d637,2025-07-21 15:31:25-04:00,2025-07-21,2025-07-21 19:31:25 UTC,Eastern Time (US & Canada),630734,madelaur,,2025-07-21 19:31:44 UTC,2025-07-21 19:32:12 UTC,needs_id,,https://www.inaturalist.org/observations/299925016,https://static.inaturalist.org/photos/540363605/medium.jpg,,"","",0,0,false,3,"Sunburn River Valley Lane, Greenwood, ME, US",44.333739888,-70.7521552102,321,,,,321,,open,false,,,"",Turbinellus floccosus,Scaly Chanterelle,Fungi,417398
302587880,fe7061e6-0007-46fa-8084-467c0077d290,2025-07-30 12:43:35-04:00,2025-07-30,2025-07-30 16:43:35 UTC,Eastern Time (US & Canada),2893725,addieworth,Addie Worth,2025-07-31 12:18:57 UTC,2025-07-31 12:19:35 UTC,needs_id,,https://www.inaturalist.org/observations/302587880,https://static.inaturalist.org/photos/545336179/medium.jpg,,"","",0,0,false,3,"Sunburn River Valley Lane, Greenwood, ME, US",44.3321416667,-70.75235,14,,,,14,,,false,,,"",Pleurotus pulmonarius,pale oyster,Fungi,136399
302588169,f5eaf620-6080-49ec-b7da-6863166ee652,2025-07-30 12:39:04-04:00,2025-07-30,2025-07-30 16:39:04 UTC,Eastern Time (US & Canada),2893725,addieworth,Addie Worth,2025-07-31 12:20:59 UTC,2025-07-31 12:41:16 UTC,research,,https://www.inaturalist.org/observations/302588169,https://static.inaturalist.org/photos/545336771/medium.jpg,,"","",1,0,false,3,"Sunburn River Valley Lane, Greenwood, ME, US",44.3323666667,-70.7534633333,13,,,,13,,,false,,,pink lady's slipper,Cypripedium acaule,pink lady's slipper,Plantae,47588
302835639,0df638b3-ae6e-4b69-a66e-6b99dd9f8d39,2025-08-01 07:42:04-04:00,2025-08-01,2025-08-01 11:42:04 UTC,Eastern Time (US & Canada),6903448,jamesalbany,,2025-08-01 11:42:17 UTC,2025-08-02 04:16:27 UTC,research,CC-BY-NC,https://www.inaturalist.org/observations/302835639,https://inaturalist-open-data.s3.amazonaws.com/photos/545790292/medium.jpg,,"","",2,0,false,3,"Albany Twp, ME, US",44.3357161526,-70.7613591292,7,,,,7,,open,false,,,tamarack,Larix laricina,tamarack,Plantae,58721
302835835,23e721f3-a38d-45e0-ae7b-a39f24083ece,2025-08-01 07:43:25-04:00,2025-08-01,2025-08-01 11:43:25 UTC,Eastern Time (US & Canada),6903448,jamesalbany,,2025-08-01 11:43:40 UTC,2025-08-01 11:51:25 UTC,research,CC-BY-NC,https://www.inaturalist.org/observations/302835835,https://inaturalist-open-data.s3.amazonaws.com/photos/545790566/medium.jpg,,"","",1,0,false,3,"Vernon St, Albany Twp, ME, US",44.3357307055,-70.7612612629,8,,,,8,,open,false,,,staghorn sumac,Rhus typhina,staghorn sumac,Plantae,167829
302835993,19301cd7-a50b-48f0-91c8-7de4af1cce0a,2025-08-01 07:44:25-04:00,2025-08-01,2025-08-01 11:44:25 UTC,Eastern Time (US & Canada),6903448,jamesalbany,,2025-08-01 11:44:44 UTC,2025-08-01 11:45:23 UTC,needs_id,CC-BY-NC,https://www.inaturalist.org/observations/302835993,https://inaturalist-open-data.s3.amazonaws.com/photos/545790946/medium.jpg,,"","",0,0,false,3,"Vernon St, Albany Twp, ME, US",44.3357099772,-70.7614786256,6,,,,6,,open,false,,,"",Fraxinus americana,white ash,Plantae,54805
302836464,9f24c050-70f7-49e9-aa7e-ed0d677d2c1e,2025-08-01 07:47:31-04:00,2025-08-01,2025-08-01 11:47:31 UTC,Eastern Time (US & Canada),6903448,jamesalbany,,2025-08-01 11:48:00 UTC,2025-08-01 11:49:09 UTC,needs_id,CC-BY-NC,https://www.inaturalist.org/observations/302836464,https://inaturalist-open-data.s3.amazonaws.com/photos/545791965/medium.jpg,,"","",0,0,false,3,"Vernon St, Albany Twp, ME, US",44.335599777,-70.7613195156,2,,,,2,,,false,,,"",Erigeron,fleabanes and horseweeds,Plantae,50879
302837246,aac0efdd-70ae-41dd-b6db-be7e6c83f12d,2025-08-01 07:49:22-04:00,2025-08-01,2025-08-01 11:49:22 UTC,Eastern Time (US & Canada),6903448,jamesalbany,,2025-08-01 11:53:14 UTC,2025-08-23 13:36:43 UTC,research,CC-BY-NC,https://www.inaturalist.org/observations/302837246,https://inaturalist-open-data.s3.amazonaws.com/photos/545793282/medium.jpg,,"","",1,0,false,3,"Vernon St, Albany Twp, ME, US",44.3355966667,-70.76132,36,,,,36,,,false,,,Indian tobacco,Lobelia inflata,Indian tobacco,Plantae,62351
302839386,ce1ed2eb-edb7-4375-82b1-fca8e603360d,2025-08-01 08:08:28-04:00,2025-08-01,2025-08-01 12:08:28 UTC,Eastern Time (US & Canada),6903448,jamesalbany,,2025-08-01 12:09:18 UTC,2025-10-22 17:14:12 UTC,research,CC-BY-NC,https://www.inaturalist.org/observations/302839386,https://inaturalist-open-data.s3.amazonaws.com/photos/545797948/medium.jpg,,"","",1,0,false,3,"Albany Twp, ME, US",44.3356783333,-70.7600033333,16,,,,16,,,false,,,cinnamon fern,Osmundastrum cinnamomeum,cinnamon fern,Plantae,204165
302904328,ef017d73-78fe-49a4-83ff-1afdf2b76695,2025-08-01 08:37:47-04:00,2025-08-01,2025-08-01 12:37:47 UTC,Eastern Time (US & Canada),6903448,jamesalbany,,2025-08-01 17:17:56 UTC,2025-08-01 17:18:52 UTC,needs_id,CC-BY-NC,https://www.inaturalist.org/observations/302904328,https://inaturalist-open-data.s3.amazonaws.com/photos/545916514/medium.jpg,,"","",0,0,false,3,"Greenwood, ME, US",44.3305083333,-70.7500083333,3,,,,3,,,false,,,"",Marasmius,pinwheels and parachute mushrooms,Fungi,54067
302904612,4f02d01f-d70e-43a1-b2c8-5b9674923c7e,2025-08-01 08:30:05-04:00,2025-08-01,2025-08-01 12:30:05 UTC,Eastern Time (US & Canada),6903448,jamesalbany,,2025-08-01 17:18:54 UTC,2025-08-01 17:19:38 UTC,needs_id,CC-BY-NC,https://www.inaturalist.org/observations/302904612,https://inaturalist-open-data.s3.amazonaws.com/photos/545916843/medium.jpg,,"","",0,0,false,3,"Sunburn River Valley Lane, Greenwood, ME, US",44.33208,-70.75235,3,,,,3,,,false,,,"",Pleurotus pulmonarius,pale oyster,Fungi,136399
302908252,316089f6-e270-44c3-9ef6-fdd415d05aaf,2025-08-01 08:23:10-04:00,2025-08-01,2025-08-01 12:23:10 UTC,Eastern Time (US & Canada),6903448,jamesalbany,,2025-08-01 17:34:19 UTC,2025-08-03 01:03:56 UTC,research,CC-BY-NC,https://www.inaturalist.org/observations/302908252,https://inaturalist-open-data.s3.amazonaws.com/photos/545924082/medium.jpg,,"","",1,0,false,3,"Greenwood, ME, US",44.3333083333,-70.75647,3,,,,3,,,false,,,Tree Lungwort,Lobaria pulmonaria,Tree Lungwort,Fungi,48711
302908523,a259d5fc-781d-4bb8-967b-95b10d1c18bc,2025-08-01 08:19:29-04:00,2025-08-01,2025-08-01 12:19:29 UTC,Eastern Time (US & Canada),6903448,jamesalbany,,2025-08-01 17:35:23 UTC,2025-08-03 12:18:15 UTC,research,CC-BY-NC,https://www.inaturalist.org/observations/302908523,https://inaturalist-open-data.s3.amazonaws.com/photos/545924441/medium.jpg,,"","",1,0,false,3,"Greenwood, ME, US",44.333545,-70.75802,4,,,,4,,,false,,,American Royal Fern,Osmunda spectabilis,American Royal Fern,Plantae,1002684
303586404,03e4a6fd-df20-412a-a5d0-ffcb5a728200,2025-08-03 15:06:05-04:00,2025-08-03,2025-08-03 19:06:05 UTC,Eastern Time (US & Canada),7728454,ajs19,,2025-08-04 00:15:20 UTC,2025-08-04 00:15:40 UTC,needs_id,CC-BY-NC,https://www.inaturalist.org/observations/303586404,https://inaturalist-open-data.s3.amazonaws.com/photos/547199823/medium.jpg,,"","",0,0,false,3,"Greenwood, ME, US",44.333545,-70.7579716667,4,,,,4,,,false,,,"",Osmunda claytoniana,interrupted fern,Plantae,63058
303586528,efe48cea-0650-4efc-80f9-620377531c63,2025-08-03 15:02:13-04:00,2025-08-03,2025-08-03 19:02:13 UTC,Eastern Time (US & Canada),7728454,ajs19,,2025-08-04 00:15:56 UTC,2025-08-04 00:42:24 UTC,research,CC-BY-NC,https://www.inaturalist.org/observations/303586528,https://inaturalist-open-data.s3.amazonaws.com/photos/547200116/medium.jpg,,"","",1,0,false,3,"Albany Twp, ME, US",44.33517,-70.7595833333,4,,,,4,,,false,,,wild sarsaparilla,Aralia nudicaulis,wild sarsaparilla,Plantae,119828
303586692,ad763902-e432-4cd7-b7e7-6a1beb49c3ca,2025-08-03 15:01:23-04:00,2025-08-03,2025-08-03 19:01:23 UTC,Eastern Time (US & Canada),7728454,ajs19,,2025-08-04 00:16:23 UTC,2025-08-04 00:16:40 UTC,needs_id,CC-BY-NC,https://www.inaturalist.org/observations/303586692,https://inaturalist-open-data.s3.amazonaws.com/photos/547200256/medium.jpg,,"","",0,0,false,3,"Albany Twp, ME, US",44.3354116667,-70.759955,4,,,,4,,,false,,,"",Lactifluus deceptivus,Deceptive Milky,Fungi,351318
309976615,c0783c89-dda9-425d-aa4a-2e5fbdf965af,2025-08-02 13:58:03,2025-08-02,2025-08-02 17:58:03 UTC,Eastern Time (US & Canada),1768830,kynaturalist,Kyler Phillips,2025-08-29 14:50:18 UTC,2025-10-25 01:19:06 UTC,needs_id,CC-BY-NC,https://www.inaturalist.org/observations/309976615,https://inaturalist-open-data.s3.amazonaws.com/photos/580987094/medium.jpg,,"",,1,0,false,2,"Oxford County, US-ME, US",44.3322342,-70.75488213,20,,,,20,,open,false,,,Scaly Chanterelle,Turbinellus floccosus,Scaly Chanterelle,Fungi,417398
313685812,9d8e1f66-a6f4-40cc-b3f5-45a58f676dcd,2025-09-13 11:08:22,2025-09-13,2025-09-13 15:08:22 UTC,Eastern Time (US & Canada),1046402,jsrhollis,JSReiff,2025-09-13 21:57:55 UTC,2025-09-13 21:57:56 UTC,needs_id,CC-BY,https://www.inaturalist.org/observations/313685812,https://inaturalist-open-data.s3.amazonaws.com/photos/566495330/medium.jpg,,"",,0,0,false,843,"Greenwood, ME, US",44.3335116667,-70.7566083333,7,,,,7,,,false,,,,Solidago caesia,bluestem goldenrod,Plantae,120005
313685959,9750eaa7-8580-4edf-9c61-828203906dcb,2025-09-13 11:16:10,2025-09-13,2025-09-13 15:16:10 UTC,Eastern Time (US & Canada),1046402,jsrhollis,JSReiff,2025-09-13 21:58:26 UTC,2025-09-19 21:16:03 UTC,research,CC-BY,https://www.inaturalist.org/observations/313685959,https://inaturalist-open-data.s3.amazonaws.com/photos/566495581/medium.jpg,,"",,1,0,false,843,"Greenwood, ME, US",44.3336866667,-70.7561033333,39,,,,39,,,false,,,Dryopteris intermedia,Dryopteris intermedia,intermediate wood fern,Plantae,82568
313833038,e6630bbf-6bb2-4cdf-a9ed-0716c34f3dff,2025-09-13 10:56:44-04:00,2025-09-13,2025-09-13 14:56:44 UTC,Eastern Time (US & Canada),6903448,jamesalbany,,2025-09-14 13:39:52 UTC,2025-09-14 15:33:52 UTC,research,CC-BY-NC,https://www.inaturalist.org/observations/313833038,https://inaturalist-open-data.s3.amazonaws.com/photos/566780161/medium.jpg,,"","",1,0,false,3,"Albany Twp, ME, US",44.3351083333,-70.7608116667,1147,,,,1147,,,false,,,Hemlock Looper Moth,Lambdina fiscellaria,Hemlock Looper Moth,Insecta,154446
317591961,64807211-b602-4ca8-81b8-ae8da84e51f8,2025-09-29 12:17:13,2025-09-29,2025-09-29 16:17:13 UTC,Eastern Time (US & Canada),1046402,jsrhollis,JSReiff,2025-09-29 18:19:47 UTC,2025-09-29 18:19:48 UTC,needs_id,CC-BY,https://www.inaturalist.org/observations/317591961,https://inaturalist-open-data.s3.amazonaws.com/photos/573899527/medium.jpg,,"",,0,0,false,843,"Sunburn River Valley Lane, Greenwood, ME, US",44.3323583333,-70.7534466667,3,,,,3,,,false,,,,Solidago caesia,bluestem goldenrod,Plantae,120005
317592074,80df13e7-37ff-4ee8-9e2a-05b8ef6dc320,2025-09-29 12:14:10,2025-09-29,2025-09-29 16:14:10 UTC,Eastern Time (US & Canada),1046402,jsrhollis,JSReiff,2025-09-29 18:20:14 UTC,2025-09-29 23:58:19 UTC,research,CC-BY,https://www.inaturalist.org/observations/317592074,https://inaturalist-open-data.s3.amazonaws.com/photos/573899677/medium.jpg,,"",,1,0,false,843,"Greenwood, ME, US",44.3321883333,-70.7548533333,3,,,,3,,,false,,,Mitchella repens,Mitchella repens,partridgeberry,Plantae,83799
317592124,49b5525f-fa43-4cbc-86bb-279698e3ea82,2025-09-29 12:02:47,2025-09-29,2025-09-29 16:02:47 UTC,Eastern Time (US & Canada),1046402,jsrhollis,JSReiff,2025-09-29 18:20:31 UTC,2025-10-01 10:09:53 UTC,research,CC-BY,https://www.inaturalist.org/observations/317592124,https://inaturalist-open-data.s3.amazonaws.com/photos/573899807/medium.jpg,,"",,1,0,false,843,"Greenwood, ME, US",44.3342883333,-70.7587133333,3,,,,3,,,false,,,Medeola virginiana,Medeola virginiana,Cucumber Root,Plantae,54924
317592171,2dae67c9-6263-429e-b3f7-b69522eac4dc,2025-09-29 11:57:22,2025-09-29,2025-09-29 15:57:22 UTC,Eastern Time (US & Canada),1046402,jsrhollis,JSReiff,2025-09-29 18:20:45 UTC,2025-09-30 02:21:53 UTC,research,CC-BY,https://www.inaturalist.org/observations/317592171,https://inaturalist-open-data.s3.amazonaws.com/photos/573899925/medium.jpg,,"",,1,0,false,843,"Albany Twp, ME, US",44.3355616667,-70.7603083333,4,,,,4,,,false,,,Bazzania trilobata,Bazzania trilobata,greater whipwort,Plantae,136608
317592218,630d4bd3-17c5-43ed-9ad3-7ebfbc9ca420,2025-09-29 11:56:45,2025-09-29,2025-09-29 15:56:45 UTC,Eastern Time (US & Canada),1046402,jsrhollis,JSReiff,2025-09-29 18:21:02 UTC,2025-10-08 12:46:42 UTC,research,CC-BY,https://www.inaturalist.org/observations/317592218,https://inaturalist-open-data.s3.amazonaws.com/photos/573900021/medium.jpg,,"",,1,0,false,843,"Albany Twp, ME, US",44.3356383333,-70.7604833333,3,,,,3,,,false,,,Coptis trifolia,Coptis trifolia,threeleaf goldthread,Plantae,126251
317592342,2cd4f113-1aa8-425b-9f3b-5b6a0866abcb,2025-09-29 11:55:46,2025-09-29,2025-09-29 15:55:46 UTC,Eastern Time (US & Canada),1046402,jsrhollis,JSReiff,2025-09-29 18:21:17 UTC,2025-10-17 00:45:16 UTC,research,CC-BY,https://www.inaturalist.org/observations/317592342,https://inaturalist-open-data.s3.amazonaws.com/photos/573900113/medium.jpg,,"",,1,0,false,843,"Albany Twp, ME, US",44.3358416667,-70.7607033333,14,,,,14,,open,false,,,Gaultheria hispidula,Gaultheria hispidula,creeping snowberry,Plantae,53460
317592565,a6cbab3d-2b0b-4a68-91a0-9778c1d9f483,2025-09-29 11:53:07,2025-09-29,2025-09-29 15:53:07 UTC,Eastern Time (US & Canada),1046402,jsrhollis,JSReiff,2025-09-29 18:22:33 UTC,2025-09-29 18:22:34 UTC,needs_id,CC-BY,https://www.inaturalist.org/observations/317592565,https://inaturalist-open-data.s3.amazonaws.com/photos/573900573/medium.jpg,,"",,0,0,false,843,"Vernon St, Albany Twp, ME, US",44.3355116667,-70.7613366667,4,,,,4,,,false,,,,Plusiinae,Plusiine Looper Moths,Insecta,122455
